,accuracy,precision,recall,f1,auc,train_time
CAAC,0.85,0.84,0.8571428571428571,0.8484848484848485,0.9278711484593838,0.5130422115325928
LogisticRegression,0.565,0.9230769230769231,0.12244897959183673,0.21621621621621623,0.4485794317727091,0.000885009765625
RandomForest,0.785,0.7669902912621359,0.8061224489795918,0.7860696517412935,0.8716986794717887,0.11696004867553711
SVM,0.835,0.9012345679012346,0.7448979591836735,0.8156424581005587,0.9159663865546218,0.01819896697998047
