,accuracy,precision,recall,f1,auc,train_time
CAAC,0.915,0.9439252336448598,0.9017857142857143,0.9223744292237442,0.9730113636363635,
LogisticRegression,0.88,0.9150943396226415,0.8660714285714286,0.8899082568807339,0.9179180194805194,0.0026633739471435547
RandomForest,0.835,0.8761904761904762,0.8214285714285714,0.847926267281106,0.9120332792207793,0.24307823181152344
SVM,0.92,0.9705882352941176,0.8839285714285714,0.9252336448598131,0.9878246753246753,0.03321552276611328
