,accuracy,precision,recall,f1,auc,train_time
CAAC,0.99,0.981651376146789,1.0,0.9907407407407407,0.9995980303487086,
LogisticRegression,0.995,1.0,0.9906542056074766,0.9953051643192489,0.9998995075871772,0.005361318588256836
RandomForest,0.87,0.900990099009901,0.8504672897196262,0.875,0.9424680936589288,0.22295212745666504
SVM,0.96,0.9714285714285714,0.9532710280373832,0.9622641509433962,0.9942719324690986,0.03246045112609863
