,accuracy,precision,recall,f1,auc,train_time
CAAC,0.93,0.9711538461538461,0.9017857142857143,0.9351851851851852,0.9692573051948052,0.49514102935791016
LogisticRegression,0.88,0.9150943396226415,0.8660714285714286,0.8899082568807339,0.9179180194805194,0.0009171962738037109
RandomForest,0.84,0.8921568627450981,0.8125,0.8504672897196262,0.9133015422077922,0.09092020988464355
SVM,0.92,0.9705882352941176,0.8839285714285714,0.9252336448598131,0.9878246753246753,0.013182878494262695
