,accuracy,precision,recall,f1,auc,train_time
CAAC,0.91,0.8504672897196262,0.978494623655914,0.91,0.9876394332227917,0.2990260124206543
LogisticRegression,0.59,1.0,0.11827956989247312,0.21153846153846154,0.5240679328710681,0.0008189678192138672
RandomForest,0.79,0.7628865979381443,0.7956989247311828,0.7789473684210526,0.8907647472615817,0.1256258487701416
SVM,0.945,0.9767441860465116,0.9032258064516129,0.9385474860335196,0.9949753793588584,0.014139175415039062
