experiment,data_type,outlier_ratio,caac_accuracy,caac_f1,lr_accuracy,lr_f1,rf_accuracy,rf_f1,svm_accuracy,svm_f1,caac_train_time,lr_train_time,rf_train_time,svm_train_time
linear_outlier0.0,linear,0.0,0.975,0.9765258215962441,0.995,0.9953051643192489,0.87,0.875,0.96,0.9622641509433962,0.35831713676452637,0.007452249526977539,0.08935809135437012,0.013314008712768555
linear_outlier0.1,linear,0.1,0.93,0.9351851851851852,0.88,0.8899082568807339,0.84,0.8504672897196262,0.92,0.9252336448598131,0.49514102935791016,0.0009171962738037109,0.09092020988464355,0.013182878494262695
nonlinear_outlier0.0,nonlinear,0.0,0.91,0.91,0.59,0.21153846153846154,0.79,0.7789473684210526,0.945,0.9385474860335196,0.2990260124206543,0.0008189678192138672,0.1256258487701416,0.014139175415039062
nonlinear_outlier0.1,nonlinear,0.1,0.85,0.8484848484848485,0.565,0.21621621621621623,0.785,0.7860696517412935,0.835,0.8156424581005587,0.5130422115325928,0.000885009765625,0.11696004867553711,0.01819896697998047
