experiment,data_type,outlier_ratio,caac_accuracy,caac_f1,lr_accuracy,lr_f1,rf_accuracy,rf_f1,svm_accuracy,svm_f1,mlp_accuracy,mlp_f1,caac_train_time,lr_train_time,rf_train_time,svm_train_time,mlp_train_time
linear_outlier0.0,linear,0.0,0.98,0.9811320754716981,0.995,0.9953051643192489,0.87,0.875,0.96,0.9622641509433962,0.99,0.9905660377358491,0.4213581085205078,0.0053522586822509766,0.09209609031677246,0.013190984725952148,1.16056489944458
linear_outlier0.1,linear,0.1,0.935,0.9400921658986175,0.88,0.8899082568807339,0.84,0.8504672897196262,0.92,0.9252336448598131,0.895,0.9014084507042254,0.49782490730285645,0.0010840892791748047,0.09036588668823242,0.01321101188659668,0.4936089515686035
nonlinear_outlier0.0,nonlinear,0.0,0.915,0.914572864321608,0.59,0.21153846153846154,0.79,0.7789473684210526,0.945,0.9385474860335196,0.905,0.8888888888888888,0.4480259418487549,0.0009779930114746094,0.12814903259277344,0.014450788497924805,0.6110191345214844
nonlinear_outlier0.1,nonlinear,0.1,0.8,0.782608695652174,0.565,0.21621621621621623,0.785,0.7860696517412935,0.835,0.8156424581005587,0.695,0.6211180124223602,0.5597751140594482,0.0008780956268310547,0.11678576469421387,0.018240928649902344,0.9008498191833496
